{
  "id": "26822977793",
  "name": "concussions",
  "pageTitle": "The helmet conundrum",
  "shareTitle": "The helmet conundrum",
  "shareText": "The ultimate symbol of football doesn’t offer the ultimate in protection, and there are no simple answers to the biggest threat to the future of high school football",
  "tweetText": "There are no simple answers to the biggest threat to the future of high school football: the helmet",
  "publishYear": 2016,
  "publishDate": "2016-9-30T9:00:00Z",
  "url": "http://interactives.dallasnews.com/2016/concussions/",
  "authors": "matt wixon",
  "desk": "sportsday",
  "section": "high-school",
  "keywords": [
    "interactives",
    "dallas",
    "dallas news",
    "dfw news",
    "dallas newspaper",
    "dallas morning news",
    "dallas morning news newspaper",
    "high school football",
    "football",
    "concussions",
    "helmets",
    "Roger Staubach",
    "X2E Varsity helmet",
    "Xenith"
  ],
  "imgURL": "http://interactives.dallasnews.com/2016/concussions/images/_share1.jpg",
  "imgWidth": "1200",
  "imgHeight": "630",
  "sectionTwitter": "sportsdayhs",
  "authorTwitter": "mattwixon"
}
